ID;meno;email;heslo;tim
59215;Stavros Blastock;sblastock0@ca.gov;BdW4aWbV3aN;9
16930;Maggee Farrin;mfarrin1@apple.com;SI2pSWKhvER;7
25424;Rena Moulder;rmoulder2@yelp.com;DmQJvE7EJ;3
06293;Sauveur Piatkowski;spiatkowski3@howstuffworks.com;;2
65697;Jocko Lampart;jlampart4@ycombinator.com;3uuYJHRc;6
33755;Editha Kunath;ekunath5@apache.org;RrrwRJKf;2
68787;Dougie Issit;dissit6@tiny.cc;s6U5dp5oR7Pf;6
28872;Abbe Delf;adelf7@webs.com;LRrLa1xcswO;7
82786;Emeline Stuckey;estuckey8@com.com;WVDPHxz;6
99198;Bo Wolfinger;bwolfinger9@yandex.ru;c4fTWnpCBs2N;4
28392;Meir Keenan;mkeenana@theguardian.com;;2
43692;Constantine Doram;cdoramb@fema.gov;;7
72608;Gav Hagerty;ghagertyc@noaa.gov;;6
56577;Elvyn Goodread;egoodreadd@discovery.com;;0
73082;Monique Martinie;mmartiniee@google.pl;VvTFNxRbIDo2;4
69357;Benito Pardon;bpardonf@ucla.edu;XEfyu2;5
64140;Tristan Cogar;tcogarg@nyu.edu;ino8B7Nx;7
34619;Margy Laybourn;mlaybournh@ucoz.com;;8
17897;Verina Eltringham;veltringhami@about.me;BLEZQU;4
18990;Jordain MacGragh;jmacgraghj@360.cn;ovPVuUCCtrf0;6
